workload,variant,structure,n,time_ms,steps,moves,comparisons
BUILD,random,RepeatedInsert,100,0.003400,1136,324,194
BUILD,random,FloydBuild,100,0.004000,832,232,184
BUILD,descending,RepeatedInsert,100,0.003800,3228,1084,480
BUILD,descending,FloydBuild,100,0.004200,964,292,190
BUILD,random,RepeatedInsert,1000,0.038000,12460,3498,2232
BUILD,random,FloydBuild,1000,0.041300,8678,2482,1857
BUILD,descending,RepeatedInsert,1000,0.041000,50962,16994,7987
BUILD,descending,FloydBuild,1000,0.039800,9932,2984,1982
BUILD,random,RepeatedInsert,10000,0.362400,138358,41586,22593
BUILD,random,FloydBuild,10000,0.098000,87232,24876,18740
BUILD,descending,RepeatedInsert,10000,0.438100,724546,243642,113631
BUILD,descending,FloydBuild,10000,0.060700,99932,29984,19982
BUILD,random,RepeatedInsert,100000,1.722800,1328160,386418,227662
BUILD,random,FloydBuild,100000,0.757500,873812,248482,188424
BUILD,descending,RepeatedInsert,100000,3.138700,9175812,3068960,1468946
BUILD,descending,FloydBuild,100000,0.352500,999916,299980,199978
